{
  "timestamp": "2026-04-17",
  "morphism": "50351 <-> PHYS-HS-001",
  "leg": 2,
  "by_n": {
    "5": {
      "n": 5,
      "N": 32,
      "n_replicates": 100,
      "n_eigenvalues": 3200,
      "eigenvalue_mean": 3.3306690738754695e-18,
      "eigenvalue_std": 2.23606797749979,
      "eigenvalue_min": -4.164133738549698,
      "eigenvalue_max": 4.164133738549699,
      "sigma_theory": 2.23606797749979,
      "ks_stat_vs_semicircle": 0.024733782853372688,
      "lambda_max_mean": 3.7787135545057127,
      "lambda_max_std": 0.1593455463099808,
      "lambda_max_over_sqrt_n": 1.689892075074926,
      "lambda_2_median": 3.7916635477343634,
      "lambda_2_std": 0.15934554630998055,
      "spacing_mean": 1.0,
      "spacing_median": 0.9401842511995059,
      "spacing_std": 0.5487029185588187,
      "spacing_skewness": 12.16288473256985
    },
    "6": {
      "n": 6,
      "N": 64,
      "n_replicates": 100,
      "n_eigenvalues": 6400,
      "eigenvalue_mean": -2.6645352591003756e-17,
      "eigenvalue_std": 2.449489742783178,
      "eigenvalue_min": -4.563448133775961,
      "eigenvalue_max": 4.563448133775958,
      "sigma_theory": 2.449489742783178,
      "ks_stat_vs_semicircle": 0.019381635032359124,
      "lambda_max_mean": 4.293038043832284,
      "lambda_max_std": 0.10458469176512815,
      "lambda_max_over_sqrt_n": 1.7526254422908567,
      "lambda_2_median": 4.28517694593504,
      "lambda_2_std": 0.10458469176512761,
      "spacing_mean": 1.0,
      "spacing_median": 0.930940043269642,
      "spacing_std": 0.550564472505729,
      "spacing_skewness": 12.297107385035142
    },
    "7": {
      "n": 7,
      "N": 128,
      "n_replicates": 100,
      "n_eigenvalues": 12800,
      "eigenvalue_mean": 7.632783294297952e-18,
      "eigenvalue_std": 2.6457513110645907,
      "eigenvalue_min": -5.018470569868127,
      "eigenvalue_max": 5.018470569868108,
      "sigma_theory": 2.6457513110645907,
      "ks_stat_vs_semicircle": 0.015561608284148333,
      "lambda_max_mean": 4.773051673666522,
      "lambda_max_std": 0.10330399168822742,
      "lambda_max_over_sqrt_n": 1.804043960483177,
      "lambda_2_median": 4.766988665192673,
      "lambda_2_std": 0.1033039916882261,
      "spacing_mean": 1.0,
      "spacing_median": 0.9074155787107474,
      "spacing_std": 0.5748503415475669,
      "spacing_skewness": 11.654120739445471
    },
    "8": {
      "n": 8,
      "N": 256,
      "n_replicates": 100,
      "n_eigenvalues": 25600,
      "eigenvalue_mean": -2.220446049250313e-18,
      "eigenvalue_std": 2.8284271247461903,
      "eigenvalue_min": -5.428437351577742,
      "eigenvalue_max": 5.4284373515777435,
      "sigma_theory": 2.8284271247461903,
      "ks_stat_vs_semicircle": 0.012493777623917962,
      "lambda_max_mean": 5.232664907592506,
      "lambda_max_std": 0.07041486688321034,
      "lambda_max_over_sqrt_n": 1.8500264199177698,
      "lambda_2_median": 5.2217359519824225,
      "lambda_2_std": 0.07041486688320979,
      "spacing_mean": 0.9999999999999999,
      "spacing_median": 0.9089982407153764,
      "spacing_std": 0.5998486764312788,
      "spacing_skewness": 11.31198245173026
    }
  },
  "verdict": {
    "rmt_class": "RMT_CLASS_CONFIRMED",
    "semicircle_match": true,
    "edge_sqrt_n_match": false,
    "spacings_class": "GOE",
    "matches_count": 2
  }
}