{
  "experiment_id": "EXP-009C",
  "title": "Spectral Torus Phase Portrait",
  "max_W": 16,
  "per_W_data": [
    {
      "W": 3,
      "n_states": 7,
      "n_eigenvalues": 7,
      "lambda_max": 1.8392867552141638,
      "gap_ratio": 0.40089056460066297,
      "level_spacing_ratio": 0.0,
      "universality_class": "Poisson (integrable)",
      "spectral_entropy_normalized": 0.5116011299343002,
      "real_fraction": 0.42857142857142855,
      "moments": {
        "M_1": 0.2573973073840118,
        "M_2": 0.18877521279595388,
        "M_3": 0.16126526384028553,
        "M_4": 0.15023678487131223,
        "M_5": 0.14581557171075396,
        "M_6": 0.14404314907059795
      },
      "torus_radii_mean": 0.2573973073840118,
      "torus_radii_std": 0.3500311971059357,
      "n_distinct_phases": 5
    },
    {
      "W": 4,
      "n_states": 13,
      "n_eigenvalues": 13,
      "lambda_max": 1.8392867552141625,
      "gap_ratio": 0.40089056460066347,
      "level_spacing_ratio": 2.966804380404836e-08,
      "universality_class": "Poisson (integrable)",
      "spectral_entropy_normalized": 0.38816479468714626,
      "real_fraction": 0.38461538461538464,
      "moments": {
        "M_1": 0.13859954761922041,
        "M_2": 0.10164819150981831,
        "M_3": 0.0868351420678461,
        "M_4": 0.08089673031532198,
        "M_5": 0.07851607707502141,
        "M_6": 0.07756169565339889
      },
      "torus_radii_mean": 0.13859954761922041,
      "torus_radii_std": 0.2871208054278996,
      "n_distinct_phases": 11
    },
    {
      "W": 5,
      "n_states": 22,
      "n_eigenvalues": 22,
      "lambda_max": 1.7548776662466916,
      "gap_ratio": 0.5698402909980537,
      "level_spacing_ratio": 8.847260429252509e-08,
      "universality_class": "Poisson (integrable)",
      "spectral_entropy_normalized": 0.6612571051456025,
      "real_fraction": 0.36363636363636365,
      "moments": {
        "M_1": 0.2140697542019555,
        "M_2": 0.1360756607628814,
        "M_3": 0.0947444601466399,
        "M_4": 0.07253120087562805,
        "M_5": 0.06044914195580043,
        "M_6": 0.053812048988750534
      },
      "torus_radii_mean": 0.2140697542019555,
      "torus_radii_std": 0.30041604667326904,
      "n_distinct_phases": 13
    },
    {
      "W": 6,
      "n_states": 36,
      "n_eigenvalues": 36,
      "lambda_max": 1.7315636998300004,
      "gap_ratio": 0.612870396745164,
      "level_spacing_ratio": 0.0115628808025995,
      "universality_class": "Poisson (integrable)",
      "spectral_entropy_normalized": 0.6871848400188213,
      "real_fraction": 0.2777777777777778,
      "moments": {
        "M_1": 0.1965753358251358,
        "M_2": 0.12191609765184395,
        "M_3": 0.08070430579492836,
        "M_4": 0.05773463098400463,
        "M_5": 0.04483045040936942,
        "M_6": 0.0375325730127998
      },
      "torus_radii_mean": 0.1965753358251358,
      "torus_radii_std": 0.2885727551191884,
      "n_distinct_phases": 29
    },
    {
      "W": 7,
      "n_states": 57,
      "n_eigenvalues": 57,
      "lambda_max": 1.671664307330782,
      "gap_ratio": 0.711281218137066,
      "level_spacing_ratio": 1.132166417774219e-05,
      "universality_class": "Poisson (integrable)",
      "spectral_entropy_normalized": 0.7718061119662046,
      "real_fraction": 0.3684210526315789,
      "moments": {
        "M_1": 0.2448903682864618,
        "M_2": 0.1535279006425753,
        "M_3": 0.10008536957970589,
        "M_4": 0.06834412870005083,
        "M_5": 0.04921493034000285,
        "M_6": 0.037525679608118825
      },
      "torus_radii_mean": 0.2448903682864618,
      "torus_radii_std": 0.3058702472668703,
      "n_distinct_phases": 39
    },
    {
      "W": 8,
      "n_states": 91,
      "n_eigenvalues": 91,
      "lambda_max": 1.6577055332386863,
      "gap_ratio": 0.7160460577540481,
      "level_spacing_ratio": 0.01723494189773377,
      "universality_class": "Poisson (integrable)",
      "spectral_entropy_normalized": 0.6835091278088744,
      "real_fraction": 0.34065934065934067,
      "moments": {
        "M_1": 0.14916060533661488,
        "M_2": 0.09525111128056937,
        "M_3": 0.06321630207730379,
        "M_4": 0.043712323136202894,
        "M_5": 0.031675676316083735,
        "M_6": 0.024170112688661458
      },
      "torus_radii_mean": 0.14916060533661488,
      "torus_radii_std": 0.2701892394159768,
      "n_distinct_phases": 55
    },
    {
      "W": 9,
      "n_states": 140,
      "n_eigenvalues": 140,
      "lambda_max": 1.6198465304906413,
      "gap_ratio": 0.7515603967013423,
      "level_spacing_ratio": 0.013681122788101458,
      "universality_class": "Poisson (integrable)",
      "spectral_entropy_normalized": 0.7939454306277703,
      "real_fraction": 0.2857142857142857,
      "moments": {
        "M_1": 0.22696640741198373,
        "M_2": 0.1441729063122646,
        "M_3": 0.09364897051708823,
        "M_4": 0.06241446182117139,
        "M_5": 0.04286423069017841,
        "M_6": 0.030479856286387667
      },
      "torus_radii_mean": 0.22696640741198373,
      "torus_radii_std": 0.3043996652737352,
      "n_distinct_phases": 95
    },
    {
      "W": 10,
      "n_states": 216,
      "n_eigenvalues": 216,
      "lambda_max": 1.6078047681645633,
      "gap_ratio": 0.7731744507164633,
      "level_spacing_ratio": 0.009877050453647356,
      "universality_class": "Poisson (integrable)",
      "spectral_entropy_normalized": 0.7367828216928476,
      "real_fraction": 0.25,
      "moments": {
        "M_1": 0.15237849595341757,
        "M_2": 0.09827138616764258,
        "M_3": 0.06526491246255671,
        "M_4": 0.04449016720529176,
        "M_5": 0.031176324868233206,
        "M_6": 0.022510710467514686
      },
      "torus_radii_mean": 0.15237849595341757,
      "torus_radii_std": 0.27395652965136075,
      "n_distinct_phases": 145
    },
    {
      "W": 11,
      "n_states": 317,
      "n_eigenvalues": 317,
      "lambda_max": 1.5732577851539908,
      "gap_ratio": 0.8205746810905754,
      "level_spacing_ratio": 0.011788096144185543,
      "universality_class": "Poisson (integrable)",
      "spectral_entropy_normalized": 0.8114499954198187,
      "real_fraction": 0.24921135646687698,
      "moments": {
        "M_1": 0.21500525199319576,
        "M_2": 0.1405314031537168,
        "M_3": 0.0938287625792464,
        "M_4": 0.06369346195544205,
        "M_5": 0.044006261902193096,
        "M_6": 0.031002958252089843
      },
      "torus_radii_mean": 0.21500525199319576,
      "torus_radii_std": 0.3070897991940781,
      "n_distinct_phases": 161
    },
    {
      "W": 12,
      "n_states": 463,
      "n_eigenvalues": 463,
      "lambda_max": 1.5612540974697753,
      "gap_ratio": 0.8308945742425525,
      "level_spacing_ratio": 0.0034347833630431,
      "universality_class": "Poisson (integrable)",
      "spectral_entropy_normalized": 0.8015977441669616,
      "real_fraction": 0.20518358531317496,
      "moments": {
        "M_1": 0.1835083879664651,
        "M_2": 0.11943567952804354,
        "M_3": 0.08032343338851877,
        "M_4": 0.05485491414114712,
        "M_5": 0.038035630833366724,
        "M_6": 0.02682004908128399
      },
      "torus_radii_mean": 0.1835083879664651,
      "torus_radii_std": 0.2928486828961211,
      "n_distinct_phases": 213
    },
    {
      "W": 13,
      "n_states": 668,
      "n_eigenvalues": 668,
      "lambda_max": 1.5379292707450236,
      "gap_ratio": 0.8425768055825745,
      "level_spacing_ratio": 0.008342576689100357,
      "universality_class": "Poisson (integrable)",
      "spectral_entropy_normalized": 0.8249725622214831,
      "real_fraction": 0.20958083832335328,
      "moments": {
        "M_1": 0.20313990554621797,
        "M_2": 0.13381720365495073,
        "M_3": 0.09044164216826757,
        "M_4": 0.06195900169033651,
        "M_5": 0.04301334492725255,
        "M_6": 0.030283141696407216
      },
      "torus_radii_mean": 0.20313990554621797,