{
  "experiment_id": "EXP-009",
  "title": "Takens Embedding + KvN Holographic Extrapolation",
  "method": "Geometry-accelerated finite-size scaling",
  "sidon_data_range": "W=3..47",
  "takens_optimal_dim": 2,
  "torus_analysis": {
    "convergence_type": "quasiperiodic",
    "diff_ratio_mean": 1.168737754009426,
    "aitken_limit": null
  },
  "holographic_consensus": {
    "methods": {
      "powerlaw": 1.0,
      "pade": 1.1297120728880097,
      "koopman_dim_3": 0.848298092693856,
      "koopman_dim_4": 0.8611516933507067,
      "koopman_dim_5": 0.8778688796329537,
      "koopman_dim_6": 1.1307151650970466
    },
    "mean": 0.9746243172770955,
    "std": 0.12059329452001012,
    "median": 0.9389344398164768,
    "range": [
      0.848298092693856,
      1.1307151650970466
    ]
  },
  "calibration_sumfree": {
    "known_answer": 1.0,
    "consensus_mean": 0.9269220012746576,
    "consensus_std": 0.13277386891804932,
    "error": 0.07307799872534237
  }
}