{
  "experiment_id": "EXP-MATH-ERDOS30-SIDON-003",
  "title": "Chowla Cosine Deficiency \u2014 Singer vs Greedy vs Random",
  "morphism_link": "Chowla's Cosine Problem (str=1.000, 3 cross-corpus entries)",
  "timestamp": "2026-04-16T06:36:06Z",
  "singer": [
    {
      "q": 2,
      "n": 7,
      "k": 3,
      "chowla_max": 1.4009688679024208,
      "chowla_mean": 0.7489932012391559,
      "chowla_std": 0.5218644630848659,
      "chowla_median": 0.7225209339563143,
      "chowla_normalized": 0.5609117004165939,
      "random_baseline_sqrt_k_ln_n": 2.497663833473093,
      "l2_character_sum": 2.2360679774997907,
      "l4_fourth_power": 8.250000000000018,
      "fourier_cv": 1.085901794493172e-15,
      "peak_counts": {
        "above_0.5xsqrtk": 2,
        "above_1.0xsqrtk": 0,
        "above_1.5xsqrtk": 0,
        "above_2.0xsqrtk": 0
      }
    },
    {
      "q": 3,
      "n": 13,
      "k": 4,
      "chowla_max": 1.6513878188659998,
      "chowla_mean": 0.9013878188659975,
      "chowla_std": 0.7500000000000007,
      "chowla_median": 0.9013878188659972,
      "chowla_normalized": 0.5082702246875154,
      "random_baseline_sqrt_k_ln_n": 3.24903513653839,
      "l2_character_sum": 4.062019202317982,
      "l4_fourth_power": 44.625000000000085,
      "fourier_cv": 1.583987353062288e-15,
      "peak_counts": {
        "above_0.5xsqrtk": 6,
        "above_1.0xsqrtk": 0,
        "above_1.5xsqrtk": 0,
        "above_2.0xsqrtk": 0
      }
    },
    {
      "q": 4,
      "n": 21,
      "k": 5,
      "chowla_max": 1.8956439237389773,
      "chowla_mean": 1.2373863542433772,
      "chowla_std": 0.6073508132309426,
      "chowla_median": 1.4999999999999991,
      "chowla_normalized": 0.48219119534826255,
      "random_baseline_sqrt_k_ln_n": 3.931311774305312,
      "l2_character_sum": 6.164414002968982,
      "l4_fourth_power": 110.0000000000005,
      "fourier_cv": 6.926448244711266e-15,
      "peak_counts": {
        "above_0.5xsqrtk": 12,
        "above_1.0xsqrtk": 0,
        "above_1.5xsqrtk": 0,
        "above_2.0xsqrtk": 0
      }
    },
    {
      "q": 5,
      "n": 31,
      "k": 6,
      "chowla_max": 2.2283938789457154,
      "chowla_mean": 1.3802569568223206,
      "chowla_std": 0.7152324096475582,
      "chowla_median": 1.7010613454707784,
      "chowla_normalized": 0.4886732866719686,
      "random_baseline_sqrt_k_ln_n": 4.560089408860133,
      "l2_character_sum": 8.514693182963198,
      "l4_fourth_power": 265.62500000000006,
      "fourier_cv": 3.360868391982138e-15,
      "peak_counts": {
        "above_0.5xsqrtk": 18,
        "above_1.0xsqrtk": 0,
        "above_1.5xsqrtk": 0,
        "above_2.0xsqrtk": 0
      }
    },
    {
      "q": 7,
      "n": 57,
      "k": 8,
      "chowla_max": 2.644786495334698,
      "chowla_mean": 1.664426594908544,
      "chowla_std": 0.8168133875991155,
      "chowla_median": 1.7633779151900546,
      "chowla_normalized": 0.46404373688619455,
      "random_baseline_sqrt_k_ln_n": 5.699433663476692,
      "l2_character_sum": 13.874436925511594,
      "l4_fourth_power": 1012.6249999999973,
      "fourier_cv": 1.0454736160181886e-14,
      "peak_counts": {
        "above_0.5xsqrtk": 38,
        "above_1.0xsqrtk": 0,
        "above_1.5xsqrtk": 0,
        "above_2.0xsqrtk": 0
      }
    },
    {
      "q": 8,
      "n": 73,
      "k": 9,
      "chowla_max": 2.8283285689231485,
      "chowla_mean": 1.7734578776794543,
      "chowla_std": 0.8940310959587067,
      "chowla_median": 1.8910368592815014,
      "chowla_normalized": 0.4544322976637042,
      "random_baseline_sqrt_k_ln_n": 6.223872254379707,
      "l2_character_sum": 16.85229954635271,
      "l4_fourth_power": 1760.9999999999955,
      "fourier_cv": 1.2095594099535022e-14,
      "peak_counts": {
        "above_0.5xsqrtk": 42,
        "above_1.0xsqrtk": 0,
        "above_1.5xsqrtk": 0,
        "above_2.0xsqrtk": 0
      }
    },
    {
      "q": 9,
      "n": 91,
      "k": 10,
      "chowla_max": 3.0000000000000155,
      "chowla_mean": 1.8625354025458847,
      "chowla_std": 0.9904351943783379,
      "chowla_median": 2.0466055242957912,
      "chowla_normalized": 0.44613482829207607,
      "random_baseline_sqrt_k_ln_n": 6.724424567982781,
      "l2_character_sum": 20.01249609618954,
      "l4_fourth_power": 2683.125000000017,
      "fourier_cv": 1.9686771850805533e-14,
      "peak_counts": {
        "above_0.5xsqrtk": 66,
        "above_1.0xsqrtk": 0,
        "above_1.5xsqrtk": 0,
        "above_2.0xsqrtk": 0
      }
    },
    {
      "q": 11,
      "n": 133,
      "k": 12,
      "chowla_max": 3.316475516122394,
      "chowla_mean": 2.122273836401418,
      "chowla_std": 0.9768761931070604,
      "chowla_median": 2.262322065370874,
      "chowla_normalized": 0.432597379620806,
      "random_baseline_sqrt_k_ln_n": 7.6664253468882695,
      "l2_character_sum": 26.842131062939107,
      "l4_fourth_power": 5747.625000000016,
      "fourier_cv": 3.5058832644927995e-14,
      "peak_counts": {
        "above_0.5xsqrtk": 88,
        "above_1.0xsqrtk": 0,
        "above_1.5xsqrtk": 0,
        "above_2.0xsqrtk": 0
      }
    },
    {
      "q": 13,
      "n": 183,
      "k": 14,
      "chowla_max": 3.6054067311636953,
      "chowla_mean": 2.305034169343598,
      "chowla_std": 1.0728947723072337,
      "chowla_median": 2.47488938112345,
      "chowla_normalized": 0.42195463907837266,
      "random_baseline_sqrt_k_ln_n": 8.544536301434139,
      "l2_character_sum": 34.30014577228501,
      "l4_fourth_power": 11337.125000000102,
      "fourier_cv": 4.567154151258365e-14,
      "peak_counts": {
        "above_0.5xsqrtk": 118,
        "above_1.0xsqrtk": 0,
        "above_1.5xsqrtk": 0,
        "above_2.0xsqrtk": 0
      }
    },
    {
      "q": 16,
      "n": 273,
      "k": 17,
      "chowla_max": 6.802793439751444,
      "chowla_mean": 2.3584646087993533,
      "chowla_std": 1.5518482285117474,
      "chowla_median": 2.2858561093975727,
      "chowla_normalized": 0.6964025400688212,
      "random_baseline_sqrt_k_ln_n": 9.768478786822296,
      "l2_character_sum": 46.56178690729131,
      "l4_fourth_power": 39465.5,
      "fourier_cv": 0.8018604859765699,
      "peak_counts": {
        "above_0.5xsqrtk": 144,
        "above_1.0xsqrtk": 40,
        "above_1.5xsqrtk": 4,
        "above_2.0xsqrtk": 0
      }
    },
    {
      "q": 17,
      "n": 307,
      "k": 18,
      "chowla_max": 7.636308474481856,
      "chowla_mean": 2.478664767503004,
      "chowla_std": 1.5259237178055307,
      "chowla_median": 2.2322753271743316,
      "chowla_normalized": 0.7519104467725958,
      "random_baseline_sqrt_k_ln_n": 10.155874954602599,
      "l2_character_sum": 50.91659847240372,
      "l4_fourth_power": 49099.624999999156,
      "fourier_cv": 0.745280133154916,
      "peak_counts": {
        "above_0.5xsqrtk": 166,
        "above_1.0xsqrtk": 36,
        "above_1.5xsqrtk": 6,
        "above_2.0xsqrtk": 0
      }
    }
  ],
  "greedy": [
    {
      "q": 2,
      "n": 7,
      "k": 3,
      "chowla_max": 1.4009688679024208,
      "chowla_mean": 0.7489932012391559,
      "chowla_std": 0.5218644630848659,
      "chowla_median": 0.7225209339563143,
      "chowla_normalized": 0.5609117004165939,
      "random_baseline_sqrt_k_ln_n": 2.497663833473093,
      "l2_character_sum": 2.2360679774997907,
      "l4_fourth_power": 8.250000000000018,
      "fourier_cv": 1.085901794493172e-15,
      "peak_counts": {
        "above_0.5xsqrtk": 2,
        "above_1.0xsqrtk": 0,
        "above_1.5xsqrtk": 0,
        "above_2.0xsqrtk": 0
      }
    },
    {
      "q": 3,
      "n": 13,
      "k": 4,
      "chowla_max": 1.6513878188659998,
      "chowla_mean": 0.9013878188659975,
      "chowla_std": 0.7500000000000007,
      "chowla_median": 0.9013878188659972,
      "chowla_normalized": 0.5082702246875154,
      "random_baseline_sqrt_k_ln_n": 3.24903513653839,
      "l2_character_sum": 4.062019202317982,
      "l4_fourth_power": 44.625000000000085,
      "fourier_cv": 1.583987353062288e-15,