{
  "experiment_id": "EXP-MATH-ERDOS30-SIDON-006",
  "title": "Transfer Matrix / Tensor Formulation of Sidon Lattice Gas",
  "collider_connection": "Z = Tr(T^N) \u2014 partition function as matrix power. \u03bb_max gives free energy, which gives h(N).",
  "timestamp": "2026-04-16T07:02:30Z",
  "transfer_matrices": [
    {
      "window_W": 3,
      "n_states": 7,
      "lambda_max": 1.83928675521416,
      "lambda_2": 0.7373527057603267,
      "spectral_gap": 1.1019340494538334,
      "gap_ratio": 0.40089056460066336,
      "free_energy_per_site": 0.20312595447866855,
      "spectral_entropy": 1.043632306830066,
      "tt_full_rank": 4,
      "tt_effective_rank_99": 4,
      "sv_decay_rate": 1.0,
      "top_5_eigenvalues": [
        [
          1.83928675521416,
          0.0
        ],
        [
          -0.4196433776070801,
          0.6062907292071986
        ],
        [
          -0.4196433776070801,
          -0.6062907292071986
        ],
        [
          8.826627081013816e-18,
          1.510406703217614e-08
        ],
        [
          8.826627081013816e-18,
          -1.510406703217614e-08
        ]
      ],
      "top_5_singular_values": [
        2.0,
        2.0,
        2.0,
        1.0,
        1.674634519279467e-16
      ]
    },
    {
      "window_W": 4,
      "n_states": 13,
      "lambda_max": 1.839286755214159,
      "lambda_2": 0.7373527057603274,
      "spectral_gap": 1.1019340494538317,
      "gap_ratio": 0.40089056460066397,
      "free_energy_per_site": 0.15234446585900127,
      "spectral_entropy": 1.0436323078874548,
      "tt_full_rank": 7,
      "tt_effective_rank_99": 7,
      "sv_decay_rate": 1.0,
      "top_5_eigenvalues": [
        [
          1.839286755214159,
          0.0
        ],
        [
          -0.4196433776070805,
          0.6062907292071992
        ],
        [
          -0.4196433776070805,
          -0.6062907292071992
        ],
        [
          6.5247552538047355e-06,
          0.0
        ],
        [
          -3.262377628911189e-06,
          5.650492052272102e-06
        ]
      ],
      "top_5_singular_values": [
        2.0,
        2.0,
        2.0,
        1.9999999999999998,
        1.9999999999999996
      ]
    },
    {
      "window_W": 5,
      "n_states": 22,
      "lambda_max": 1.7548776662466872,
      "lambda_2": 1.0000000000000002,
      "spectral_gap": 0.754877666246687,
      "gap_ratio": 0.5698402909980552,
      "free_energy_per_site": 0.1124798297291841,
      "spectral_entropy": 2.7628961779466374,
      "tt_full_rank": 13,
      "tt_effective_rank_99": 13,
      "sv_decay_rate": 1.0,
      "top_5_eigenvalues": [
        [
          1.7548776662466872,
          0.0
        ],
        [
          -0.5000000000000004,
          0.8660254037844385
        ],
        [
          -0.5000000000000004,
          -0.8660254037844385
        ],
        [
          0.5000000000000002,
          0.8660254037844388
        ],
        [
          0.5000000000000002,
          -0.8660254037844388
        ]
      ],
      "top_5_singular_values": [
        2.0,
        2.0,
        2.0,
        2.0,
        1.9999999999999998
      ]
    },
    {
      "window_W": 6,
      "n_states": 36,
      "lambda_max": 1.7315636998300024,
      "lambda_2": 1.0612241317043358,
      "spectral_gap": 0.6703395681256665,
      "gap_ratio": 0.612870396745163,
      "free_energy_per_site": 0.09150414549946949,
      "spectral_entropy": 3.425271658089725,
      "tt_full_rank": 22,
      "tt_effective_rank_99": 22,
      "sv_decay_rate": 0.9999999999999997,
      "top_5_eigenvalues": [
        [
          1.7315636998300024,
          0.0
        ],
        [
          0.5867909464598303,
          0.8842358525101761
        ],
        [
          0.5867909464598303,
          -0.8842358525101761
        ],
        [
          -0.500000000000002,
          0.8660254037844402
        ],
        [
          -0.500000000000002,
          -0.8660254037844402
        ]
      ],
      "top_5_singular_values": [
        2.0000000000000004,
        1.9999999999999998,
        1.9999999999999998,
        1.9999999999999998,
        1.9999999999999998
      ]
    },
    {
      "window_W": 7,
      "n_states": 57,
      "lambda_max": 1.671664307330784,
      "lambda_2": 1.1890234248344904,
      "spectral_gap": 0.48264088249629356,
      "gap_ratio": 0.7112812181370635,
      "free_energy_per_site": 0.0734028173396237,
      "spectral_entropy": 4.235586085444135,
      "tt_full_rank": 36,
      "tt_effective_rank_99": 36,
      "sv_decay_rate": 0.9999999999999998,
      "top_5_eigenvalues": [
        [
          1.671664307330784,
          0.0
        ],
        [
          0.843006423969521,
          -0.838520646109123
        ],
        [
          0.843006423969521,
          0.838520646109123
        ],
        [
          0.26350896689336933,
          1.110049477873504
        ],
        [
          0.26350896689336933,
          -1.110049477873504
        ]
      ],
      "top_5_singular_values": [
        2.0000000000000013,
        2.000000000000001,
        2.0000000000000004,
        2.0,
        2.0
      ]
    },
    {
      "window_W": 8,
      "n_states": 91,
      "lambda_max": 1.657705533238685,
      "lambda_2": 1.1869935119926365,
      "spectral_gap": 0.4707120212460485,
      "gap_ratio": 0.7160460577540505,
      "free_energy_per_site": 0.06317930466802893,
      "spectral_entropy": 4.248089754175298,
      "tt_full_rank": 57,
      "tt_effective_rank_99": 57,
      "sv_decay_rate": 0.9999999999999996,
      "top_5_eigenvalues": [
        [
          1.657705533238685,
          0.0
        ],
        [
          0.875099694578456,
          0.8019689034253797
        ],
        [
          0.875099694578456,
          -0.8019689034253797
        ],
        [
          0.8322061405946815,
          0.6872465852174636
        ],
        [
          0.8322061405946815,
          -0.6872465852174636
        ]
      ],
      "top_5_singular_values": [
        2.0000000000000027,
        2.0000000000000018,
        2.000000000000001,
        2.000000000000001,
        2.000000000000001
      ]
    },
    {
      "window_W": 9,
      "n_states": 140,
      "lambda_max": 1.6198465304906413,
      "lambda_2": 1.2174125010508365,
      "spectral_gap": 0.4024340294398048,
      "gap_ratio": 0.7515603967013406,
      "free_energy_per_site": 0.053592378943520286,
      "spectral_entropy": 4.286055161217609,
      "tt_full_rank": 91,
      "tt_effective_rank_99": 90,
      "sv_decay_rate": 1.0,
      "top_5_eigenvalues": [
        [
          1.6198465304906413,
          0.0
        ],
        [
          1.017163766803641,
          0.6689327837807634
        ],
        [
          1.017163766803641,
          -0.6689327837807634
        ],
        [
          -1.0656423085935796,
          -0.5222092302026616
        ],
        [
          -1.0656423085935796,
          0.5222092302026616
        ]
      ],
      "top_5_singular_values": [
        2.000000000000001,
        2.000000000000001,
        2.0000000000000004,
        2.0,
        2.0
      ]
    }
  ],
  "density_of_states": [
    {
      "N": 4,
      "h_N": 3,
      "sqrt_N": 2.0,
      "h_over_sqrt_N": 1.5,
      "Z_h": 2,
      "Z_h_minus_1": 6,
      "full_counts": {
        "0": 2,
        "1": 8,
        "2": 6,
        "3": 2
      }
    },
    {
      "N": 5,
      "h_N": 3,
      "sqrt_N": 2.23606797749979,
      "h_over_sqrt_N": 1.3416407864998738,
      "Z_h": 6,
      "Z_h_minus_1": 10,
      "full_counts": {
        "0": 2,
        "1": 10,
        "2": 10,
        "3": 6
      }
    },
    {
      "N": 6,
      "h_N": 3,
      "sqrt_N": 2.449489742783178,
      "h_over_sqrt_N": 1.2247448713915892,
      "Z_h": 14,
      "Z_h_minus_1": 15,
      "full_counts": {
        "0": 2,
        "1": 12,
        "2": 15,
        "3": 14
      }
    },
    {
      "N": 7,
      "h_N": 4,
      "sqrt_N": 2.6457513110645907,