{
  "experiment_id": "EXP-009B",
  "title": "Refined Holographic Extrapolation",
  "calibration": {
    "name": "SUM-FREE CALIBRATION",
    "methods": {
      "powerlaw_even": {
        "alpha": 0.6583999454305474,
        "lambda_inf": 1.0
      },
      "powerlaw_odd": {
        "alpha": 0.6535689120475154,
        "lambda_inf": 1.0
      },
      "powerlaw": {
        "alpha": 0.6554986783960695,
        "c": 2.1599791876645433,
        "lambda_inf": 1.0
      },
      "pade_1_1": {
        "lambda_inf": 1.038555160337784
      },
      "pade_2_1": {
        "lambda_inf": 1.0460741556259856
      },
      "pade_1_2": {
        "lambda_inf": 1.0429626015261628
      },
      "pade_2_2": {
        "lambda_inf": 1.0413821851556846
      },
      "pade_3_2": {
        "lambda_inf": 1.038525412207563
      },
      "pade_2_3": {
        "lambda_inf": 1.038222223043925
      },
      "pade_3_3": {
        "lambda_inf": 1.046764411089206
      },
      "richardson": {
        "lambda_inf": 0.9861557635135624
      }
    },
    "consensus_free": {
      "mean": 1.0348302390624842,
      "median": 1.0399686727467343,
      "std": 0.018661969707373657,
      "n_methods": 8
    },
    "consensus_all": {
      "mean": 1.025331082954534,
      "median": 1.038525412207563,
      "std": 0.022224098165414055,
      "n_methods": 11
    }
  },
  "sidon": {
    "name": "SIDON (Erd\u0151s #30)",
    "methods": {
      "powerlaw_even": {
        "alpha": 0.4194444685749042,
        "lambda_inf": 1.0
      },
      "powerlaw_odd": {
        "alpha": 0.39101298731600465,
        "lambda_inf": 1.0
      },
      "powerlaw": {
        "alpha": 0.4034071658270771,
        "c": 1.4831568957918035,
        "lambda_inf": 1.0
      },
      "koopman_logexcess_d3": {
        "dominant_eigenvalue": 1.0058403739663857,
        "lambda_inf": 1.305401464279
      },
      "koopman_logexcess_d4": {
        "dominant_eigenvalue": 1.009913017548689,
        "lambda_inf": 1.305401464279
      },
      "pade_1_1": {
        "lambda_inf": 1.2409320719886834
      },
      "pade_2_1": {
        "lambda_inf": 1.1717310016570286
      },
      "pade_1_2": {
        "lambda_inf": 1.1877993023404183
      },
      "pade_2_2": {
        "lambda_inf": 1.1297120728880097
      },
      "pade_3_2": {
        "lambda_inf": 1.1800227823799645
      },
      "pade_2_3": {
        "lambda_inf": 1.1975404753524697
      },
      "pade_3_3": {
        "lambda_inf": 1.1066069753635308
      },
      "richardson": {
        "lambda_inf": 0.9900027889044622
      }
    },
    "consensus_free": {
      "mean": 1.1815150399432568,
      "median": 1.1839110423601915,
      "std": 0.08921437360144685,
      "n_methods": 10
    },
    "consensus_all": {
      "mean": 1.1396269538025054,
      "median": 1.1717310016570286,
      "std": 0.10941284584293083,
      "n_methods": 13
    }
  }
}