{
  "experiment_id": "NL-NBODY-SPECTRAL",
  "engine": "natures-lattice/nbody_lattice.py v0.1.0",
  "parameters": {
    "steps": 30000,
    "dt": 0.001,
    "delay_tau": 20,
    "delay_dim": 8
  },
  "systems": {
    "Sun-Earth-Moon": {
      "n_samples": 6000,
      "energy_drift": 2.285454590772806e-09,
      "koopman_spectra": {
        "Earth/r": [
          1.0156997346772085,
          1.0019498344930218,
          0.9976943847255304,
          0.9956258263861909,
          0.9942901912136475,
          0.9811379635838808
        ],
        "Earth/angle": [
          0.9996365429710686,
          0.9836019881396575,
          0.9710091346627321,
          0.9637870232037236,
          0.9484595165418885,
          0.9347567709122114
        ],
        "Moon/r": [
          1.0145252982659818,
          1.0081014913326207,
          1.0036515643533128,
          0.9991334056661423,
          0.9958283192563433,
          0.9887804055054245
        ],
        "Moon/angle": [
          0.9995880509970801,
          0.9836555303526704,
          0.9708152052713911,
          0.9640178280134574,
          0.9483307752781356,
          0.9348111381309957
        ]
      }
    },
    "Sun-Jupiter-Europa": {
      "n_samples": 6000,
      "energy_drift": 6.526891038478105e-10,
      "koopman_spectra": {
        "Jupiter/r": [
          1.0037697477829428,
          0.9991606669393605,
          0.9965866533221841,
          0.6398609112493957,
          0.5860027812502581,
          0.5279878851753396
        ],
        "Jupiter/angle": [
          1.0021359528679576,
          0.9978508863664051,
          0.9805729796954218,
          0.005846114129977261,
          0.005245687093266074,
          0.000833047072387317
        ],
        "Europa/r": [
          1.0745004541790188,
          1.010456853938511,
          1.0030573584566111,
          1.0024347142202423,
          1.000715643847555,
          0.9139779509180788
        ],
        "Europa/angle": [
          1.0090541282792096,
          1.0073346754023333,
          1.0040655639748195,
          1.0033241018921155,
          0.9995617826481936,
          0.9743258590051548
        ]
      }
    }
  },
  "cross_system": {}
}