{
  "experiment": "KVN_v2",
  "description": "Koopman-von Neumann channel lens for EHP #114/#509 (v2.1). Jacobian-weighted entropy, arc-length density, Green's function deviation, full Koopman eigenspectrum, von Neumann entropy S_vN, channel Shannon entropy H_ch, Hilbert-Shannon straddle \u0394S=H_ch\u2212S_vN. z^n\u00b11 uniquely achieves S_vN=0 (pure Koopman state) AND H_ch=log(n) (max classical channel) simultaneously. n=3,4,5.",
  "by_n": {
    "3": {
      "n": 3,
      "L_formula": 9.179724222343157,
      "extremizer": {
        "L_contour": 9.1678453569694,
        "L_rho_formula": 8.239992366040541,
        "preimage_uniformity": 0.9999999999999998,
        "weight_variance": 1.449840062134711e-31,
        "green_deviation": 0.0623562061231258,
        "green_deviation_ratio": 0.6313565869966488,
        "koopman_spectral_gap": 0.9955555555555556,
        "koopman_spectral_entropy": 0.028399643095318613,
        "koopman_eigenvalues": [
          1.0,
          0.00444444444444437,
          8.624704930130022e-33
        ],
        "von_neumann_entropy": 0.028386269084923352,
        "channel_shannon_entropy": 1.098597506448061,
        "entropy_gap": 1.0702112373631378,
        "normalized_entropy_gap": 0.9741482490247733,
        "log_n": 1.0986122886681098
      },
      "competitors": {
        "n": 30,
        "max_L": 7.524722762358229,
        "mean_L": 6.5260057165162,
        "corr_L_uniformity": -0.27188381313619275,
        "corr_L_neg_weight_variance": -0.2685430003268148,
        "corr_L_neg_bottcher": 0.29890789727125927,
        "corr_L_spectral_gap": -0.33641001588558406,
        "corr_L_neg_spec_entropy": -0.4063890924889011,
        "corr_L_neg_vN_entropy": -0.308024656232907,
        "corr_L_channel_shannon": -0.12853810559567289,
        "corr_L_entropy_gap": -0.3060185342056841,
        "corr_L_norm_entropy_gap": -0.30601853420568426
      }
    },
    "4": {
      "n": 4,
      "L_formula": 11.070020517256609,
      "extremizer": {
        "L_contour": 11.047708060466935,
        "L_rho_formula": 9.04173188308082,
        "preimage_uniformity": 1.0000000000000002,
        "weight_variance": 5.778902592685131e-31,
        "green_deviation": 0.0314625291667141,
        "green_deviation_ratio": 0.6371162156259605,
        "koopman_spectral_gap": 0.995,
        "koopman_spectral_entropy": 0.031347329404313,
        "koopman_eigenvalues": [
          0.9999999999999998,
          0.0050000000000000044,
          7.563412792162265e-35,
          0.0
        ],
        "von_neumann_entropy": 0.031336290551939955,
        "channel_shannon_entropy": 1.386277767672845,
        "entropy_gap": 1.3549414771209052,
        "normalized_entropy_gap": 0.9773836748685484,
        "log_n": 1.3862943611198906
      },
      "competitors": {
        "n": 30,
        "max_L": 8.357219869865514,
        "mean_L": 6.6607297907522005,
        "corr_L_uniformity": -0.41423680819270126,
        "corr_L_neg_weight_variance": -0.4047058785931907,
        "corr_L_neg_bottcher": 0.042905190697061744,
        "corr_L_spectral_gap": -0.39886319679341964,
        "corr_L_neg_spec_entropy": -0.4947325477112981,
        "corr_L_neg_vN_entropy": -0.2550835206707815,
        "corr_L_channel_shannon": -0.23537213535561885,
        "corr_L_entropy_gap": -0.26254454996547755,
        "corr_L_norm_entropy_gap": -0.2625445499654777
      }
    },
    "5": {
      "n": 5,
      "L_formula": 13.006811381918688,
      "extremizer": {
        "L_contour": 12.946212574507719,
        "L_rho_formula": 9.644554419269268,
        "preimage_uniformity": 0.9999999999999996,
        "weight_variance": 1.078366694461301e-30,
        "green_deviation": 0.016787103321916765,
        "green_deviation_ratio": 0.6373853292540272,
        "koopman_spectral_gap": 0.9946666666666667,
        "koopman_spectral_entropy": 0.033084566493040264,
        "koopman_eigenvalues": [
          1.0000000000000009,
          0.005333333333333358,
          2.7733391199174565e-32,
          2.2907120436600115e-63,
          1.349401336733507e-79
        ],
        "von_neumann_entropy": 0.03307526144985154,
        "channel_shannon_entropy": 1.6094202514893001,
        "entropy_gap": 1.5763449900394486,
        "normalized_entropy_gap": 0.9794382112295328,
        "log_n": 1.6094379124341003
      },
      "competitors": {
        "n": 30,
        "max_L": 8.043223827820599,
        "mean_L": 6.992159541994911,
        "corr_L_uniformity": -0.09835367711581888,
        "corr_L_neg_weight_variance": -0.07200308015757327,
        "corr_L_neg_bottcher": 0.2725605620674198,
        "corr_L_spectral_gap": 0.024773669060454185,
        "corr_L_neg_spec_entropy": -0.020159961495037647,
        "corr_L_neg_vN_entropy": -0.3305843665872521,
        "corr_L_channel_shannon": -0.25370186126563554,
        "corr_L_entropy_gap": -0.33630451534218403,
        "corr_L_norm_entropy_gap": -0.3363045153421839
      }
    }
  },
  "verdict": "PASS"
}